{
    "accuracy": 0.9506726457399103,
    "precision": 0.9813084112149533,
    "recall": 0.6645569620253164,
    "auc": 0.9356176342208642
}